<?xml version="1.0" encoding="UTF-8"?>
<!-- IMPORTANT: This is an internal file that has been generated
     by the Xilinx ISE software.  Any direct editing or
     changes made to this file may result in unpredictable
     behavior or data corruption.  It is strongly advised that
     users do not edit the contents of this file. -->
<DeviceUsageSummary rev="6">
<DesignStatistics TimeStamp="Sun Jul 07 14:31:42 2024"><group name="NetStatistics">
<item name="NumNets_Active" rev="6">
<attrib name="value" value="29"/></item>
<item name="NumNets_Gnd" rev="6">
<attrib name="value" value="1"/></item>
<item name="NumNodesOfType_Active_DOUBLE" rev="6">
<attrib name="value" value="16"/></item>
<item name="NumNodesOfType_Active_DUMMY" rev="6">
<attrib name="value" value="28"/></item>
<item name="NumNodesOfType_Active_DUMMYESC" rev="6">
<attrib name="value" value="4"/></item>
<item name="NumNodesOfType_Active_HUNIHEX" rev="6">
<attrib name="value" value="2"/></item>
<item name="NumNodesOfType_Active_INPUT" rev="6">
<attrib name="value" value="37"/></item>
<item name="NumNodesOfType_Active_IOBOUTPUT" rev="6">
<attrib name="value" value="4"/></item>
<item name="NumNodesOfType_Active_OMUX" rev="6">
<attrib name="value" value="12"/></item>
<item name="NumNodesOfType_Active_OUTPUT" rev="6">
<attrib name="value" value="9"/></item>
<item name="NumNodesOfType_Gnd_INPUT" rev="6">
<attrib name="value" value="3"/></item>
<item name="NumNodesOfType_Gnd_OMUX" rev="6">
<attrib name="value" value="3"/></item>
<item name="NumNodesOfType_Gnd_OUTPUT" rev="6">
<attrib name="value" value="3"/></item>
</group>
<group name="SiteStatistics">
<item name="IOB-DIFFM" rev="6">
<attrib name="value" value="7"/></item>
<item name="IOB-DIFFS" rev="6">
<attrib name="value" value="6"/></item>
<item name="SLICEL-SLICEM" rev="6">
<attrib name="value" value="5"/></item>
</group>
<group name="MiscellaneousStatistics">
<item name="AGG_BONDED_IO" rev="5">
<attrib name="value" value="16"/></item>
<item name="AGG_IO" rev="5">
<attrib name="value" value="16"/></item>
<item name="AGG_SLICE" rev="5">
<attrib name="value" value="5"/></item>
<item name="NUM_4_INPUT_LUT" rev="5">
<attrib name="value" value="9"/></item>
<item name="NUM_BONDED_IOB" rev="5">
<attrib name="value" value="16"/></item>
<item name="NUM_SLICEL" rev="5">
<attrib name="value" value="5"/></item>
</group>
</DesignStatistics>
<DeviceUsage TimeStamp="Sun Jul 07 14:31:42 2024"><group name="SiteSummary">
<item name="IOB" rev="6">
<attrib name="total" value="1000000"/><attrib name="used" value="16"/></item>
<item name="IOB_INBUF" rev="6">
<attrib name="total" value="1000000"/><attrib name="used" value="4"/></item>
<item name="IOB_OUTBUF" rev="6">
<attrib name="total" value="1000000"/><attrib name="used" value="12"/></item>
<item name="IOB_PAD" rev="6">
<attrib name="total" value="1000000"/><attrib name="used" value="16"/></item>
<item name="SLICEL" rev="6">
<attrib name="total" value="1000000"/><attrib name="used" value="5"/></item>
<item name="SLICEL_F" rev="6">
<attrib name="total" value="1000000"/><attrib name="used" value="4"/></item>
<item name="SLICEL_G" rev="6">
<attrib name="total" value="1000000"/><attrib name="used" value="5"/></item>
</group>
</DeviceUsage>
<ReportConfigData TimeStamp="Sun Jul 07 14:31:42 2024"><group name="IOB_OUTBUF">
<item name="IN" rev="6">
<attrib name="IN_INV" value="0"/><attrib name="IN" value="12"/></item>
</group>
<group name="IOB_PAD">
<item name="DRIVEATTRBOX" rev="6">
<attrib name="12" value="12"/></item>
<item name="IOATTRBOX" rev="6">
<attrib name="LVCMOS25" value="16"/></item>
<item name="SLEW" rev="6">
<attrib name="SLOW" value="12"/></item>
</group>
<group name="IOB">
<item name="O1" rev="6">
<attrib name="O1_INV" value="0"/><attrib name="O1" value="12"/></item>
</group>
</ReportConfigData>
<ReportPinData TimeStamp="Sun Jul 07 14:31:42 2024"><group name="SLICEL">
<item name="F1" rev="6">
<attrib name="value" value="4"/></item>
<item name="F2" rev="6">
<attrib name="value" value="4"/></item>
<item name="F3" rev="6">
<attrib name="value" value="4"/></item>
<item name="F4" rev="6">
<attrib name="value" value="2"/></item>
<item name="G1" rev="6">
<attrib name="value" value="5"/></item>
<item name="G2" rev="6">
<attrib name="value" value="5"/></item>
<item name="G3" rev="6">
<attrib name="value" value="3"/></item>
<item name="G4" rev="6">
<attrib name="value" value="1"/></item>
<item name="X" rev="6">
<attrib name="value" value="4"/></item>
<item name="Y" rev="6">
<attrib name="value" value="5"/></item>
</group>
<group name="IOB_OUTBUF">
<item name="IN" rev="6">
<attrib name="value" value="12"/></item>
<item name="OUT" rev="6">
<attrib name="value" value="12"/></item>
</group>
<group name="IOB_INBUF">
<item name="IN" rev="6">
<attrib name="value" value="4"/></item>
<item name="OUT" rev="6">
<attrib name="value" value="4"/></item>
</group>
<group name="IOB_PAD">
<item name="PAD" rev="6">
<attrib name="value" value="16"/></item>
</group>
<group name="IOB">
<item name="I" rev="6">
<attrib name="value" value="4"/></item>
<item name="O1" rev="6">
<attrib name="value" value="12"/></item>
<item name="PAD" rev="6">
<attrib name="value" value="16"/></item>
</group>
<group name="SLICEL_F">
<item name="A1" rev="6">
<attrib name="value" value="4"/></item>
<item name="A2" rev="6">
<attrib name="value" value="4"/></item>
<item name="A3" rev="6">
<attrib name="value" value="4"/></item>
<item name="A4" rev="6">
<attrib name="value" value="2"/></item>
<item name="D" rev="6">
<attrib name="value" value="4"/></item>
</group>
<group name="SLICEL_G">
<item name="A1" rev="6">
<attrib name="value" value="5"/></item>
<item name="A2" rev="6">
<attrib name="value" value="5"/></item>
<item name="A3" rev="6">
<attrib name="value" value="3"/></item>
<item name="A4" rev="6">
<attrib name="value" value="1"/></item>
<item name="D" rev="6">
<attrib name="value" value="5"/></item>
</group>
</ReportPinData>
<CmdHistory>
</CmdHistory>
</DeviceUsageSummary>
